scale,Ala,Cys,Leu,Met,Glu,Gln,His,Lys,Val,Ile,Phe,Tyr,Trp,Thr,Gly,Ser,Asp,Asn,Pro,Arg,NLE
CIDH920101,-0.45,0.79,1.29,1.37,-0.80,-0.99,1.07,-0.36,1.26,0.76,1.48,1.49,1.38,-0.70,-1.00,-0.98,-1.52,-0.20,-0.12,-0.24,1.025
CIDH920105,0.02,0.77,1.14,1.00,-1.14,-1.10,0.26,-0.41,1.13,1.81,1.35,1.11,1.71,-0.77,-0.80,-0.97,-1.04,-0.77,-0.09,-0.42,1.475
ESID840101,0.25,0.04,0.53,0.26,-0.62,-0.69,-0.40,-1.10,0.54,0.73,0.61,0.02,0.37,-0.18,0.16,-0.26,-0.72,-0.64,-0.07,-1.76,0.63
MANP780101,12.97,14.63,14.90,14.39,11.89,11.76,12.16,11.36,15.71,15.67,14.00,13.42,13.93,11.69,12.43,11.23,10.85,11.42,11.37,11.72,15.285
PONP800101,12.28,14.93,14.10,14.33,11.19,11.28,12.84,10.80,15.07,14.77,13.43,13.29,12.95,11.65,12.01,11.26,10.97,11.00,11.19,11.49,14.435
PONP800102,7.62,10.93,9.37,9.83,6.38,6.67,7.85,5.72,10.38,9.99,8.99,8.53,8.41,7.08,7.31,6.93,6.18,6.17,6.64,6.81,9.68
PONP800103,2.63,3.36,2.98,3.18,2.31,2.45,2.57,2.12,3.21,3.08,3.02,2.79,2.85,2.55,2.55,2.60,2.29,2.27,2.46,2.45,3.03
PONP800104,13.65,14.49,14.01,13.40,12.55,11.30,11.59,11.96,12.88,14.63,14.08,12.64,12.06,13.00,15.36,11.26,10.98,12.24,11.51,11.28,14.32
PONP800105,14.60,15.90,16.49,16.23,13.59,12.02,15.35,13.28,16.30,14.10,14.18,14.76,13.90,14.50,14.18,13.36,13.78,11.79,14.10,13.24,15.295
PONP800106,10.67,14.15,13.07,15.00,11.71,11.71,12.07,9.93,13.86,12.95,13.27,11.52,11.41,10.53,10.95,11.18,10.21,10.85,10.62,11.05,13.01
PRAM900101 reverse,6.70,8.40,11.70,14.20,-34.30,-17.20,-12.60,-36.80,10.90,13.00,15.50,-2.90,7.90,5.00,4.20,2.50,-38.50,-20.10,-0.80,-51.50,12.35
SWER830101,-0.40,0.17,1.22,1.02,-1.22,-0.91,-0.64,-0.67,0.91,1.25,1.92,1.67,0.50,-0.28,-0.67,-0.55,-1.31,-0.92,-0.49,-0.59,1.235
NADH010101,58.00,116.00,95.00,78.00,-131.00,-139.00,-73.00,-24.00,100.00,107.00,92.00,-11.00,59.00,-7.00,-11.00,-34.00,-97.00,-93.00,-79.00,-184.00,101
NADH010102,51.00,137.00,103.00,73.00,-115.00,-128.00,-55.00,-205.00,108.00,106.00,108.00,11.00,69.00,-3.00,-13.00,-26.00,-78.00,-84.00,-79.00,-144.00,104.5
NADH010103,41.00,169.00,103.00,77.00,-90.00,-104.00,-35.00,-148.00,116.00,104.00,128.00,36.00,102.00,10.00,-18.00,-31.00,-47.00,-74.00,-81.00,-109.00,103.5
NADH010104,32.00,182.00,104.00,82.00,-74.00,-95.00,-25.00,-124.00,113.00,106.00,132.00,44.00,118.00,20.00,-22.00,-34.00,-29.00,-73.00,-82.00,-95.00,105
NADH010106,5.00,224.00,82.00,83.00,-8.00,-67.00,-50.00,-38.00,117.00,83.00,117.00,27.00,130.00,79.00,-47.00,-41.00,45.00,-77.00,-103.00,-57.00,82.5
NADH010107,-2.00,329.00,36.00,62.00,117.00,-37.00,-70.00,115.00,114.00,28.00,120.00,-7.00,179.00,174.00,-66.00,-52.00,248.00,-97.00,-132.00,-41.00,32
WILM950101,0.06,0.49,3.50,0.21,-0.10,0.31,-2.24,-1.62,1.59,3.48,4.80,1.89,2.29,0.65,0.21,-0.62,-0.20,0.25,0.71,-0.85,3.49
WILM950102,2.62,0.73,6.57,-3.12,-0.45,-1.69,-0.74,-2.78,2.30,4.38,9.14,1.39,5.91,1.81,-1.15,-1.39,-2.84,-1.27,-0.12,1.26,5.475
WILM950103 reverse,1.64,-9.30,-0.83,-4.26,-1.18,0.04,-7.17,2.36,-0.52,-3.02,1.36,-2.37,-2.61,-2.31,1.85,-1.59,-0.70,-0.83,-3.12,3.28,-1.925
WILM950104,-2.34,5.03,1.09,0.62,1.30,0.16,-3.00,1.56,2.06,7.26,2.57,-2.58,3.59,0.19,-1.06,1.93,-0.48,2.81,-0.15,1.60,4.175
KUHL950101 reverse,-0.78,-0.55,-0.56,-0.66,-1.45,-1.19,-0.99,-1.10,-0.51,-0.47,-0.47,-1.00,-0.70,-1.05,-0.68,-1.00,-1.35,-1.20,-0.69,-1.58,-0.515
JURD980101,1.10,2.50,3.80,1.90,-3.20,-3.68,-3.20,-4.11,4.20,4.50,2.80,-1.30,-0.46,-0.70,-0.64,-0.50,-3.60,-3.50,-1.90,-5.10,4.15
KIDA850101 reverse,0.27,1.05,1.10,0.73,-1.17,-1.10,-0.28,-1.70,0.40,0.77,1.43,0.56,1.57,-0.63,0.16,-0.42,-0.81,-0.81,0.75,-1.87,0.935
ENGD860101 reverse,1.60,2.00,2.80,3.40,-8.20,-4.10,-3.00,-8.80,2.60,3.10,3.70,-0.70,1.90,1.20,1.00,0.60,-9.20,-4.80,-0.20,-12.30,2.95
KYTJ820101,1.80,2.50,3.80,1.90,-3.50,-3.50,-3.20,-3.90,4.20,4.50,2.80,-1.30,-0.90,-0.70,-0.40,-0.80,-3.50,-3.50,-1.60,-4.50,4.15
ENGEL,1.60,2.00,2.80,3.40,-8.20,-4.10,-3.00,-8.80,2.60,3.10,3.70,-0.70,1.90,1.20,1.00,0.60,-9.20,-4.80,-0.20,-12.30,2.95
JONES,-0.33,1.31,2.95,1.69,-0.83,-2.52,-0.33,1.61,2.19,5.42,4.71,4.21,6.98,-2.34,-2.27,-2.34,-0.86,-2.29,4.46,-0.38,4.185
CIDBB,-0.08,0.76,1.24,1.27,-1.31,-0.40,0.43,-0.09,1.09,1.39,1.53,1.53,2.25,-0.59,-0.84,-0.93,-0.71,-0.70,-0.01,-0.09,1.315
CIDA+,0.36,0.70,1.18,1.21,-0.83,-1.05,-0.16,-0.56,1.21,2.17,1.01,1.05,1.31,-1.20,-0.82,-0.60,-1.09,-0.90,-0.06,-0.52,1.675
CIDAB,0.17,1.24,0.96,0.60,-1.19,-1.20,-0.25,-0.62,1.21,2.06,1.29,0.66,1.51,-0.62,-0.57,-0.83,-1.05,-0.90,-0.21,-0.70,1.51
PONG1,13.05,14.30,14.19,13.62,11.41,11.78,12.42,11.01,14.73,15.34,13.89,13.57,13.96,12.12,12.20,11.68,11.10,11.72,11.06,12.40,14.765
PONG2,14.65,16.43,14.06,14.09,11.35,13.43,15.21,12.15,14.40,15.22,13.96,14.19,17.00,13.27,14.47,15.10,12.12,14.31,13.63,13.80,14.64
PONG3,13.85,15.37,14.13,13.86,11.38,12.61,13.82,11.58,14.56,15.28,13.93,13.88,15.48,12.70,13.34,13.39,11.61,13.02,12.35,13.10,14.705
KIDER,0.27,1.05,1.10,0.73,-1.17,-1.10,-0.28,-1.70,0.40,0.77,1.43,0.56,1.57,-0.63,0.16,-0.42,-0.81,-0.81,0.75,-1.87,0.935
WOLR790101,1.12,0.59,1.18,0.55,-0.92,-0.78,-0.93,-0.80,1.13,1.16,0.67,-0.23,-0.19,-0.02,1.20,-0.05,-0.83,-0.83,0.54,-2.55,1.17
CHOTA,1.15,1.35,1.70,1.85,1.90,1.80,1.95,2.00,1.55,1.75,2.10,2.30,2.55,1.40,0.75,1.15,1.50,1.60,1.45,2.25,1.725
ROSEB,0.87,1.32,1.64,1.73,1.14,1.19,1.56,1.16,1.41,1.58,1.94,1.78,2.25,1.06,0.63,0.86,0.98,1.03,0.93,1.62,1.61
ROSEA reverse,-1.18,-1.46,-1.93,-2.03,-1.86,-1.93,-2.02,-2.26,-1.65,-1.81,-2.23,-2.37,-2.66,-1.52,-0.88,-1.30,-1.59,-1.66,-1.47,-2.56,-1.87
COHEN,0.10,0.14,0.26,0.33,0.12,0.10,0.22,0.23,0.21,0.25,0.30,0.23,0.35,0.16,0.07,0.09,0.07,0.03,0.29,0.12,0.255
JACWH,0.18,0.27,0.41,0.44,-2.10,-1.22,-1.48,-2.53,0.32,0.37,0.50,-0.08,-0.01,-0.34,0.09,-0.40,-2.36,-1.30,-0.20,-5.40,0.39
CASSI,0.20,1.90,0.50,0.50,-1.30,-1.10,0.40,-1.60,0.70,1.40,1.00,0.50,1.60,-0.40,-0.10,-0.70,-1.40,-0.50,-1.00,-0.70,0.95
MDK0,1.50,2.50,3.80,1.90,-3.20,-3.68,-3.20,-4.11,4.20,4.50,2.80,-1.30,-0.46,-0.70,-0.84,-0.50,-3.60,-3.50,-1.90,-5.10,4.15
MDK1,1.60,1.90,3.50,1.90,-3.80,-4.40,-2.90,-4.20,3.60,4.50,2.50,-1.30,-0.30,-0.30,-0.40,-0.80,-3.50,-3.50,-1.60,-5.40,4
BULDG,0.61,0.36,-1.65,-0.66,0.51,0.97,0.69,0.46,-0.75,-1.45,-1.52,-1.43,-1.20,0.29,0.81,0.42,0.61,0.89,-0.17,0.69,-1.55
GUYH850101,0.10,-1.42,-1.18,-1.59,0.83,0.95,-0.50,1.40,-1.27,-1.13,-2.12,-0.21,-0.51,0.07,0.33,0.52,0.78,0.48,0.73,1.91,-1.155
MIYS850101,5.33,7.93,8.47,8.95,3.65,3.87,5.10,2.95,7.63,8.83,9.03,5.89,7.66,4.49,4.48,4.09,3.59,3.71,3.87,4.18,8.65
Wilson,-0.30,6.30,6.60,2.50,0.00,-0.20,-1.30,-3.60,5.90,4.30,7.50,7.10,7.90,-2.20,1.20,-0.60,-1.40,-0.20,2.20,-1.10,5.45
CHOC760103,0.38,0.50,0.45,0.40,0.18,0.07,0.17,0.03,0.54,0.60,0.50,0.15,0.27,0.23,0.36,0.22,0.15,0.12,0.18,0.01,0.525
EISEN,0.62,0.29,1.06,0.64,-0.74,-0.85,-0.40,-1.50,1.08,1.38,1.19,0.26,0.81,-0.05,0.48,-0.18,-0.90,-0.78,0.12,-2.53,1.22
JANJ790102,0.30,0.90,0.50,0.40,-0.70,-0.70,-0.10,-1.80,0.60,0.70,0.50,-0.40,0.30,-0.20,0.30,-0.10,-0.60,-0.50,-0.30,-1.40,0.6
Rao & Argos,1.36,1.27,1.47,1.42,0.25,0.33,0.68,0.09,1.37,1.44,1.57,0.83,1.00,1.08,1.09,0.97,0.11,0.33,0.54,0.15,1.455
NOZY710101,0.62,0.29,1.53,0.64,-0.74,-0.85,-0.40,-1.50,1.80,1.38,1.19,0.26,0.81,-0.05,0.48,-0.18,-0.09,-0.78,0.12,-2.53,1.455
Welling,1.15,-1.20,0.75,-3.85,-0.71,-0.11,3.12,2.06,-0.13,-2.92,-1.41,0.13,-1.14,-0.45,-1.84,-0.26,0.65,-0.77,-0.53,0.58,-1.085
PARJ860101,2.10,1.40,-9.20,-4.20,7.80,6.00,2.10,5.70,-3.70,-8.00,-9.20,-1.90,-10.00,5.20,5.70,6.50,10.00,7.00,2.10,4.20,-8.6
ROSG850102,0.74,0.91,0.85,0.85,0.62,0.62,0.78,0.52,0.86,0.88,0.88,0.76,0.85,0.70,0.72,0.66,0.62,0.63,0.64,0.64,0.865
Bishop,-4.60,-5.10,-5.40,-5.00,-2.80,-4.20,-4.60,-4.30,-4.70,-5.10,-5.90,-5.80,-6.70,-4.70,-4.80,-4.70,-3.60,-4.40,-4.40,-4.50,-5.25
Wimley reverse,-0.50,0.02,1.25,0.67,-0.11,-0.77,-0.11,-2.80,0.46,1.12,1.71,0.71,2.09,-0.25,-1.15,-0.46,-0.43,-0.85,-0.14,-1.81,1.185
Wimley,-0.17,0.24,0.56,0.23,-2.02,-0.58,-0.17,-0.99,-0.07,0.31,1.13,0.94,1.85,-0.14,-0.01,-0.13,-1.23,-0.42,-0.45,-0.81,0.435
ARGP820101,0.61,1.07,1.53,1.18,0.47,0.00,0.61,1.15,1.32,2.22,2.02,1.88,2.65,0.05,0.07,0.05,0.46,0.06,1.95,0.60,1.875
FAUJ830101,0.31,1.54,1.70,1.23,-0.64,-0.22,0.13,-0.99,1.22,1.80,1.79,0.96,2.25,0.26,0.00,-0.04,-0.77,-0.60,0.72,-1.01,1.75
JOND750101,0.87,1.52,2.17,1.67,0.67,0.00,0.87,1.64,1.87,3.15,2.87,2.67,3.77,0.07,0.10,0.07,0.66,0.09,2.77,0.85,2.66
LEVM760101 reverse,0.50,1.00,1.80,1.30,-2.50,-0.20,0.50,-3.00,1.50,1.80,2.50,2.30,3.40,0.40,0.00,-0.30,-2.50,-0.20,1.40,-3.00,1.8
ZIMJ680101,0.83,1.48,2.52,1.40,0.65,0.00,1.10,1.60,1.79,3.07,2.75,2.97,0.31,0.54,0.10,0.14,0.64,0.09,2.70,0.83,2.795
NADH010105,24.00,194.00,103.00,90.00,-57.00,-87.00,-31.00,-9.00,111.00,102.00,131.00,43.00,116.00,34.00,-28.00,-36.00,0.00,-76.00,-85.00,-79.00,102.5
PONP930101,0.85,2.10,1.99,1.42,-0.79,-0.42,0.22,-1.19,2.53,3.14,1.69,1.37,1.76,-0.08,0.00,-0.52,-1.10,-0.48,-1.14,0.20,2.565
COWR900101,0.42,0.84,1.80,1.18,-0.37,-0.96,-2.28,-2.03,1.34,1.81,1.74,0.51,1.46,-0.26,0.00,-0.64,-0.51,-1.03,0.86,-1.56,1.805
BLAS910101,0.62,0.68,0.94,0.74,0.04,0.25,0.17,0.28,0.83,0.94,1.00,0.88,0.88,0.45,0.50,0.36,0.03,0.24,0.71,0.00,0.943
FASG890101,-0.21,-6.04,-4.68,-3.66,2.30,1.52,-1.23,3.88,-3.50,-4.81,-4.65,-1.01,-3.32,0.78,0.00,1.74,1.36,0.96,0.75,2.11,-4.745
FAUCH,0.85,4.24,4.68,3.38,-1.76,-0.61,0.36,-2.72,3.36,4.95,4.92,2.64,6.19,0.72,0.00,-0.11,-2.12,-1.65,1.98,-2.78,4.815
PONNU ,0.54,5.81,4.16,4.61,-1.63,-1.45,1.65,-2.41,6.08,5.49,2.82,2.54,1.87,-0.72,0.00,-1.49,-2.07,-2.01,-1.63,-1.03,4.825
JANIN,-0.24,6.85,1.47,0.24,-3.67,-3.67,-2.44,-4.28,2.69,3.18,0.98,-0.73,-0.49,-2.69,0.00,-2.44,-3.42,-3.42,-2.93,-4.16,2.325
GUYFE,1.06,5.36,4.90,5.08,-1.09,-0.97,2.72,-2.33,4.54,5.21,6.33,2.24,3.90,0.42,0.00,-0.27,-1.18,-0.21,-0.88,-1.30,5.055
CHOTH,0.29,2.06,1.33,0.59,-2.65,-4.28,-2.80,-4.87,2.65,3.54,2.06,-3.10,-1.33,-1.92,0.00,-2.06,-3.10,-3.54,-2.65,-5.16,2.435
VHEG790101,0.82,-2.31,1.95,0.20,-4.84,-1.96,-2.77,-3.44,1.64,2.05,2.77,-1.24,1.64,-0.73,0.00,-1.24,-6.10,-2.37,-2.68,-9.24,2
ROSEM,0.67,1.48,3.02,1.67,-1.78,-2.12,-1.09,-2.46,2.18,3.02,3.02,-0.98,2.86,0.42,0.00,-0.10,-1.57,-2.27,1.75,-3.89,3.02
LEVIT,0.83,1.66,2.99,2.16,-4.15,-0.33,0.83,-4.98,2.49,2.99,4.15,3.82,5.65,0.66,0.00,-0.50,-4.15,-0.33,2.33,-4.98,2.99
GIBRA,0.21,6.04,4.68,3.66,-2.30,-1.52,1.23,-3.88,3.50,4.81,4.65,1.01,3.32,-0.78,0.00,-1.74,-1.36,-0.96,-0.75,-2.11,4.745
ROSEF,0.50,4.77,3.27,3.27,-2.51,-2.51,1.51,-5.03,3.52,4.02,4.02,1.01,3.27,-0.50,0.00,-1.51,-2.51,-2.26,-2.01,-2.01,3.645
Sweet & Eisenberg,0.63,4.77,4.90,5.08,-1.36,-1.69,2.26,-2.92,4.36,3.98,6.68,1.47,2.29,0.71,0.00,-0.52,-1.23,-0.41,-1.09,-4.31,4.44
NNEIG,0.32,5.48,2.34,1.60,-4.39,-2.70,-0.61,-4.75,3.78,4.55,2.06,0.98,2.15,-0.65,0.00,-1.96,-4.59,-2.89,-3.16,-1.04,3.445
SWEET,-0.44,0.58,2.46,1.10,-0.34,-0.71,-0.01,-2.45,1.73,2.46,2.54,1.63,2.56,-0.41,0.00,-0.84,-0.31,-1.32,1.29,-2.42,2.46
WOLR810101 reverse,1.94,-1.24,2.28,-1.48,-10.20,-9.38,-10.27,-9.52,1.99,2.15,-0.76,-6.11,-5.88,-4.88,2.39,-5.06,-10.95,-9.68,0.00,-19.92,2.215
CowanWhittacker,0.35,0.76,1.80,1.10,-1.95,-0.93,-0.65,-1.54,1.32,1.83,1.69,0.39,1.35,-0.27,0.00,-0.63,-2.15,-0.99,0.84,-1.50,1.815
ROSM880101,-0.67,-0.34,-3.02,-1.30,7.35,6.39,3.82,6.13,-2.18,-3.02,-3.24,0.98,-2.86,3.86,0.00,4.35,8.72,7.23,-1.75,12.10,-3.02
ROSM880102,-0.67,-2.00,-3.02,-1.67,1.78,2.12,1.09,2.46,-2.18,-3.02,-3.24,0.98,-2.86,-0.42,0.00,0.10,1.57,2.27,-1.75,3.89,-3.02
ROSM880103 reverse,-0.40,-0.50,-0.60,-0.30,-1.30,-0.70,-1.00,-0.40,-0.40,-0.40,-0.70,-1.20,-0.60,-0.40,0.00,-0.40,-0.80,-0.90,-0.90,-0.30,-0.5
SET1,1.80,31.30,18.20,-5.30,-38.80,-28.40,-12.20,-25.00,8.70,2.20,-28.60,-9.40,-19.80,-8.80,7.70,-7.10,-66.80,-30.50,-28.60,-83.40,10.2
SET2,4.30,3.80,14.50,7.00,-49.40,-29.60,-19.20,-44.80,13.40,9.90,-35.30,-3.40,-4.20,-11.40,0.10,-0.30,-40.70,-52.50,-35.30,-64.50,12.2
SET3,7.20,-3.80,17.30,4.60,-35.20,-30.20,-23.00,-41.20,8.70,9.90,-47.00,-18.40,3.60,-2.50,-1.30,-3.50,-55.10,-29.10,-47.00,-74.40,13.6
BULDG reverse,-0.61,-0.36,1.65,0.66,-0.51,-0.97,-0.69,-0.46,0.75,1.45,1.52,1.43,1.20,-0.29,-0.81,-0.42,-0.61,-0.89,0.17,-0.69,1.55
GUYH850101 reverse,-0.10,1.42,1.18,1.59,-0.83,-0.95,0.50,-1.40,1.27,1.13,2.12,0.21,0.51,-0.07,-0.33,-0.52,-0.78,-0.48,-0.73,-1.91,1.155
Welling reverse,-1.15,1.20,-0.75,3.85,0.71,0.11,-3.12,-2.06,0.13,2.92,1.41,-0.13,1.14,0.45,1.84,0.26,-0.65,0.77,0.53,-0.58,1.085
Bishop reverse,4.60,5.10,5.40,5.00,2.80,4.20,4.60,4.30,4.70,5.10,5.90,5.80,6.70,4.70,4.80,4.70,3.60,4.40,4.40,4.50,5.25
FASG890101 reverse,0.21,6.04,4.68,3.66,-2.30,-1.52,1.23,-3.88,3.50,4.81,4.65,1.01,3.32,-0.78,0.00,-1.74,-1.36,-0.96,-0.75,-2.11,4.745
ROSM880101 reverse,0.67,0.34,3.02,1.30,-7.35,-6.39,-3.82,-6.13,2.18,3.02,3.24,-0.98,2.86,-3.86,0.00,-4.35,-8.72,-7.23,1.75,-12.10,3.02
ROSM880102 reverse,0.67,2.00,3.02,1.67,-1.78,-2.12,-1.09,-2.46,2.18,3.02,3.24,-0.98,2.86,0.42,0.00,-0.10,-1.57,-2.27,1.75,-3.89,3.02
MONERA,0.41,0.49,0.97,0.74,-0.31,-0.1,0.08,-0.23,0.76,0.99,1,0.63,0.97,0.13,0,-0.05,-0.55,-0.28,-0.46,-0.14,0.98
BASU050101,0.1366,0.2745,0.4251,0.1747,-0.0484,0.0325,0.0549,-0.0101,0.4084,0.4172,0.4076,0.3167,0.2362,0.0589,-0.0464,-0.0433,-0.1233,-0.0345,0.2745,0.0363,0.42115
